no end,no beginning,comments,other,testimony_id
,,,,irn515627
,,,,irn510703
,,,,irn510657
,,,,irn510666
,,,,irn510700
,,,,irn510461
,,,,irn510742
,,,,irn509147
,,,,irn511259
,,,,irn511268
,,,,irn509102
,,,,irn506492
,,,,irn510477
,,,,irn508743
,,,,irn511231
,,,,irn511314
,,,,irn511232
,,,,irn513321
,,,,irn509179
,,,,irn510746
,,,,irn506704
,,,,irn518984
,,,,irn517891
,,,,irn511309
,,,,irn506523
,,,,irn513365
,,,,irn505558
,,,,irn510747
,,,,irn504607
,,,,irn511353
,,,,irn504553
,,,,irn511663
,,,,irn510622
,,,,irn509190
,,,,irn508739
,,,,irn510725
,,,,irn510753
,,,,irn37541
,,,,irn511303
,,,,irn511246
,,,,irn508756
,,,,irn506637
,,,,irn508661
,,,,irn509098
,,,,irn504660
,,,,irn504841
,,,,irn504885
,,,,irn505584
,,,,irn518604
,,,,irn510735
,,,,irn513372
,,,,irn506705
,,,,irn514132
,,,,irn508687
,,,,irn511228
,,,,irn511653
,,,,irn509158
,,,,irn511672
,,,,irn510480
,,,,irn508727
,,,,irn510468
,,,,irn512536
,,,,irn510454
,,,,irn538194
,,,,irn510486
,,,,irn508671
,,,,irn511295
,,,,irn538178
,,,,irn504918
,,,,irn504852
,,,,irn504863
,,,,irn507437
,,,,irn505556
,,,,irn510323
,,,,irn512511
,,,,irn506762
,,,,irn504759
,,,,irn504729
,,,,irn509108
,,,,irn504571
,,,,irn504627
,,,,irn506410
,,,,irn504531
,,,,irn504577
,,,,irn504664
,,,,irn504639
,,,,irn504725
,,,,irn506413
,,,,irn504648
,,,,irn509121
,,,,irn506771
,,,,irn505917
,,,,irn504722
,,,,irn504708
,,,,irn509114
,,,,irn504538
,,,,irn508873
,,,,irn43278
,,,,irn504743
,,,,irn504756
